original_url,final_url,method_used,status,ok,error
"https://www.bom.gov.au/australia/warnings/","https://www.bom.gov.au/australia/warnings/","HEAD","200","true",""
"https://www.c2cvariations.com.au/earthquake","https://www.c2cvariations.com.au/earthquake","GET","404","false",""
"https://www.c2cvariations.com.au/national","https://www.c2cvariations.com.au/national","GET","404","false",""
"https://www.c2cvariations.com.au/alerts","https://www.c2cvariations.com.au/alerts","GET","404","false",""
"https://www.c2cvariations.com.au/BOM%20National%20Warnings","https://www.c2cvariations.com.au/BOM%20National%20Warnings","GET","404","false",""
"https://www.c2cvariations.com.au/geohazard","https://www.c2cvariations.com.au/geohazard","GET","404","false",""
"https://www.c2cvariations.com.au/GA%20Earthquakes","https://www.c2cvariations.com.au/GA%20Earthquakes","GET","404","false",""
"https://www.c2cvariations.com.au/ARPANSA%20UV%20Index","https://www.c2cvariations.com.au/ARPANSA%20UV%20Index","GET","404","false",""
"https://www.c2cvariations.com.au/weather","https://www.c2cvariations.com.au/weather","GET","404","false",""
"https://earthquakes.ga.gov.au/","https://earthquakes.ga.gov.au/","HEAD","200","true",""
"https://www.c2cvariations.com.au/uv","https://www.c2cvariations.com.au/uv","GET","404","false",""
"https://www.c2cvariations.com.au/traffic","https://www.c2cvariations.com.au/traffic","GET","404","false",""
"https://www.c2cvariations.com.au/Live%20Traffic%20NSW","https://www.c2cvariations.com.au/Live%20Traffic%20NSW","GET","404","false",""
"https://www.livetraffic.com/","https://www.livetraffic.com/","HEAD","200","true",""
"https://www.c2cvariations.com.au/nsw","https://www.c2cvariations.com.au/nsw","GET","404","false",""
"https://www.c2cvariations.com.au/QLD%20Traffic","https://www.c2cvariations.com.au/QLD%20Traffic","GET","404","false",""
"https://www.c2cvariations.com.au/radiation","https://www.c2cvariations.com.au/radiation","GET","404","false",""
"https://www.c2cvariations.com.au/qld","https://www.c2cvariations.com.au/qld","GET","404","false",""
"https://www.c2cvariations.com.au/vic","https://www.c2cvariations.com.au/vic","GET","404","false",""
"https://www.c2cvariations.com.au/wa","https://www.c2cvariations.com.au/wa","GET","404","false",""
"https://www.c2cvariations.com.au/VicTraffic","https://www.c2cvariations.com.au/VicTraffic","GET","404","false",""
"https://www.c2cvariations.com.au/Emergency%20WA","https://www.c2cvariations.com.au/Emergency%20WA","GET","404","false",""
"https://www.c2cvariations.com.au/TasALERT","https://www.c2cvariations.com.au/TasALERT","GET","404","false",""
"https://alert.tas.gov.au/","https://alert.tas.gov.au/","HEAD","200","true",""
"https://www.emergency.wa.gov.au/","https://www.emergency.wa.gov.au/","HEAD","200","true",""
"https://www.c2cvariations.com.au/emergency","https://www.c2cvariations.com.au/emergency","GET","404","false",""
"https://www.c2cvariations.com.au/ESA%20ACT%20Incidents","https://www.c2cvariations.com.au/ESA%20ACT%20Incidents","GET","404","false",""
"https://www.c2cvariations.com.au/tas","https://www.c2cvariations.com.au/tas","GET","404","false",""
"https://www.c2cvariations.com.au/Healthdirect%20Service%20Finder","https://www.c2cvariations.com.au/Healthdirect%20Service%20Finder","GET","404","false",""
"https://www.c2cvariations.com.au/act","https://www.c2cvariations.com.au/act","GET","404","false",""
"https://www.c2cvariations.com.au/utilities","https://www.c2cvariations.com.au/utilities","GET","404","false",""
"https://qldtraffic.qld.gov.au/","https://qldtraffic.qld.gov.au/","HEAD","200","true",""
"https://www.c2cvariations.com.au/BYDA%201100%20Before%20You%20Dig","https://www.c2cvariations.com.au/BYDA%201100%20Before%20You%20Dig","GET","404","false",""
"https://traffic.vicroads.vic.gov.au/","https://traffic.transport.vic.gov.au/","HEAD","200","true",""
"https://www.c2cvariations.com.au/compliance","https://www.c2cvariations.com.au/compliance","GET","404","false",""
"https://www.c2cvariations.com.au/Emergency%20VIC%20Warnings","https://www.c2cvariations.com.au/Emergency%20VIC%20Warnings","GET","404","false",""
"https://www.c2cvariations.com.au/BOM%20Victoria%20Warnings","https://www.c2cvariations.com.au/BOM%20Victoria%20Warnings","GET","404","false",""
"https://www.c2cvariations.com.au/Vic%20SES%20Flood%20&%20Storm","https://www.c2cvariations.com.au/Vic%20SES%20Flood%20&%20Storm","GET","404","false",""
"https://esa.act.gov.au/","https://esa.act.gov.au/","HEAD","200","true",""
"https://www.byda.com.au/","https://www.byda.com.au/","HEAD","200","true",""
"https://www.c2cvariations.com.au/health","https://www.c2cvariations.com.au/health","GET","404","false",""
"https://www.bom.gov.au/vic/warnings/","https://www.bom.gov.au/vic/warnings/","HEAD","200","true",""
"https://www.c2cvariations.com.au/Public%20Transport%20Disruptions","https://www.c2cvariations.com.au/Public%20Transport%20Disruptions","GET","404","false",""
"https://www.c2cvariations.com.au/AusNet%20Services%20Outages","https://www.c2cvariations.com.au/AusNet%20Services%20Outages","GET","404","false",""
"https://emergency.vic.gov.au/respond/","https://emergency.vic.gov.au/respond/","HEAD","200","true",""
"https://www.c2cvariations.com.au/Powercor%20Outages","https://www.c2cvariations.com.au/Powercor%20Outages","GET","404","false",""
"https://www.c2cvariations.com.au/United%20Energy%20Outages","https://www.c2cvariations.com.au/United%20Energy%20Outages","GET","404","false",""
"https://www.c2cvariations.com.au/CitiPower%20Outages","https://www.c2cvariations.com.au/CitiPower%20Outages","GET","404","false",""
"https://www.c2cvariations.com.au/Healthdirect%20Victoria%20Finder","https://www.c2cvariations.com.au/Healthdirect%20Victoria%20Finder","GET","404","false",""
"https://www.c2cvariations.com.au/VicEmergency%20Relief","https://www.c2cvariations.com.au/VicEmergency%20Relief","GET","404","false",""
"https://www.ses.vic.gov.au/","https://www.ses.vic.gov.au/","HEAD","200","true",""
"https://www.c2cvariations.com.au/Find%20My%20Council%20(VIC)","https://www.c2cvariations.com.au/Find%20My%20Council%20(VIC)","GET","404","false",""
"https://citipower.com.au/outages/","https://www.citipower.com.au/power-outages-and-emergencies/","HEAD","200","true",""
"https://www.ptv.vic.gov.au/footer/about-ptv/digital-products/live-travel-updates/","https://www.ptv.vic.gov.au/footer/about-ptv/digital-products/live-travel-updates/","GET","404","false",""
"https://www.c2cvariations.com.au/VicSmart%20Planning","https://www.c2cvariations.com.au/VicSmart%20Planning","GET","404","false",""
"https://powercor.com.au/outages/","https://powercor.com.au/power-outages-and-emergencies/","HEAD","200","true",""
"https://www.c2cvariations.com.au/NSW%20Incidents%20&%20Warnings","https://www.c2cvariations.com.au/NSW%20Incidents%20&%20Warnings","GET","404","false",""
"https://www.nsw.gov.au/emergency","https://www.nsw.gov.au/emergency","HEAD","200","true",""
"https://www.c2cvariations.com.au/BOM%20New%20South%20Wales%20Warnings","https://www.c2cvariations.com.au/BOM%20New%20South%20Wales%20Warnings","GET","404","false",""
"https://www.ausnetservices.com.au/en/electricity/power-outages/outage-map","https://www.ausnetservices.com.au/en/electricity/power-outages/outage-map","GET","404","false",""
"https://www.bom.gov.au/nsw/warnings/","https://www.bom.gov.au/nsw/warnings/","HEAD","200","true",""
"https://www.vic.gov.au/relief-services","https://www.vic.gov.au/relief-services","GET","404","false",""
"https://www.c2cvariations.com.au/NSW%20SES%20Flood%20&%20Storm","https://www.c2cvariations.com.au/NSW%20SES%20Flood%20&%20Storm","GET","404","false",""
"https://www.healthdirect.gov.au/australian-health-services","https://www.healthdirect.gov.au/australian-health-services","HEAD","200","true",""
"https://www.c2cvariations.com.au/Transport%20NSW%20Service%20Alerts","https://www.c2cvariations.com.au/Transport%20NSW%20Service%20Alerts","GET","404","false",""
"https://www.healthdirect.gov.au/australian-health-services/results/vic","https://www.healthdirect.gov.au/australian-health-services/results/vic","GET","500","false",""
"https://www.endeavourenergy.com.au/outages","https://www.endeavourenergy.com.au/outages","HEAD","200","true",""
"https://www.c2cvariations.com.au/Endeavour%20Energy%20Outages","https://www.c2cvariations.com.au/Endeavour%20Energy%20Outages","GET","404","false",""
"https://www.c2cvariations.com.au/Ausgrid%20Outages","https://www.c2cvariations.com.au/Ausgrid%20Outages","GET","404","false",""
"https://www.c2cvariations.com.au/Essential%20Energy%20Outages","https://www.c2cvariations.com.au/Essential%20Energy%20Outages","GET","404","false",""
"https://www.planning.vic.gov.au/permits-and-applications/vicsmart","https://www.planning.vic.gov.au/guides-and-resources/guides/all-guides/vicsmart-permits","HEAD","200","true",""
"https://www.c2cvariations.com.au/Healthdirect%20NSW%20Finder","https://www.c2cvariations.com.au/Healthdirect%20NSW%20Finder","GET","404","false",""
"https://transportnsw.info/alerts","https://transportnsw.info/alerts","HEAD","200","true",""
"https://www.c2cvariations.com.au/NSW%20Health%20Alerts","https://www.c2cvariations.com.au/NSW%20Health%20Alerts","GET","404","false",""
"https://www.essentialenergy.com.au/outages","https://www.essentialenergy.com.au/outages","GET","403","false",""
"https://www.c2cvariations.com.au/NSW%20Councils%20Directory","https://www.c2cvariations.com.au/NSW%20Councils%20Directory","GET","404","false",""
"https://www.ses.nsw.gov.au/","https://www.ses.nsw.gov.au/","HEAD","200","true",""
"https://www.c2cvariations.com.au/NSW%20Planning%20Portal","https://www.c2cvariations.com.au/NSW%20Planning%20Portal","GET","404","false",""
"https://www.c2cvariations.com.au/QLD%20Alerts","https://www.c2cvariations.com.au/QLD%20Alerts","GET","404","false",""
"https://www.ausgrid.com.au/Outages","https://www.ausgrid.com.au/Outages","HEAD","200","true",""
"https://www.qld.gov.au/alerts","https://www.qld.gov.au/alerts","HEAD","200","true",""
"https://www.c2cvariations.com.au/BOM%20Queensland%20Warnings","https://www.c2cvariations.com.au/BOM%20Queensland%20Warnings","GET","404","false",""
"https://www.c2cvariations.com.au/QLD%20SES","https://www.c2cvariations.com.au/QLD%20SES","GET","404","false",""
"https://www.bom.gov.au/qld/warnings/","https://www.bom.gov.au/qld/warnings/","HEAD","200","true",""
"https://www.c2cvariations.com.au/QLDTraffic","https://www.c2cvariations.com.au/QLDTraffic","GET","404","false",""
"https://www.c2cvariations.com.au/TransLink%20Service%20Updates","https://www.c2cvariations.com.au/TransLink%20Service%20Updates","GET","404","false",""
"https://www.health.nsw.gov.au/Infectious/alerts/Pages/default.aspx","https://www.health.nsw.gov.au/Infectious/alerts/Pages/default.aspx","HEAD","200","true",""
"https://www.planningportal.nsw.gov.au/","https://www.planningportal.nsw.gov.au/","HEAD","200","true",""
"https://www.c2cvariations.com.au/Energex%20Outage%20Finder","https://www.c2cvariations.com.au/Energex%20Outage%20Finder","GET","404","false",""
"https://www.unitedenergy.com.au/outages/","https://www.unitedenergy.com.au/outages/","GET","404","false",""
"https://www.localgovernment.vic.gov.au/councils-and-communities/find-your-local-council","https://www.localgovernment.vic.gov.au/councils-and-communities/find-your-local-council","GET","404","false",""
"https://www.c2cvariations.com.au/Ergon%20Energy%20Outages","https://www.c2cvariations.com.au/Ergon%20Energy%20Outages","GET","404","false",""
"https://translink.com.au/service-updates","https://translink.com.au/service-updates","HEAD","200","true",""
"https://www.c2cvariations.com.au/Powerlink%20QLD%20Network","https://www.c2cvariations.com.au/Powerlink%20QLD%20Network","GET","404","false",""
"https://www.c2cvariations.com.au/Healthdirect%20QLD%20Finder","https://www.c2cvariations.com.au/Healthdirect%20QLD%20Finder","GET","404","false",""
"https://www.healthdirect.gov.au/australian-health-services/results/nsw","https://www.healthdirect.gov.au/australian-health-services/results/nsw","GET","500","false",""
"https://www.c2cvariations.com.au/QLD%20Health%20Alerts","https://www.c2cvariations.com.au/QLD%20Health%20Alerts","GET","404","false",""
"https://www.ergon.com.au/network/outages","https://www.ergon.com.au/network/outages","HEAD","200","true",""
"https://www.c2cvariations.com.au/QLD%20Local%20Government%20Directory","https://www.c2cvariations.com.au/QLD%20Local%20Government%20Directory","GET","404","false",""
"https://www.c2cvariations.com.au/Development.i%20Planning","https://www.c2cvariations.com.au/Development.i%20Planning","GET","404","false",""
"https://www.health.qld.gov.au/news-events/doh-media-releases","https://www.health.qld.gov.au/news-events/doh-media-releases","GET","403","false",""
"https://alert.sa.gov.au/","https://alert.sa.gov.au/","HEAD","200","true",""
"https://developmenti.information.qld.gov.au/","https://developmenti.information.qld.gov.au/","GET","0","false","HEAD:fetch failed; GET:fetch failed"
"https://www.c2cvariations.com.au/Alert%20SA","https://www.c2cvariations.com.au/Alert%20SA","GET","404","false",""
"https://www.c2cvariations.com.au/BOM%20South%20Australia%20Warnings","https://www.c2cvariations.com.au/BOM%20South%20Australia%20Warnings","GET","404","false",""
"https://www.energex.com.au/home/power-outages/outage-finder","https://www.energex.com.au/outages/outage-finder","HEAD","200","true",""
"https://www.c2cvariations.com.au/SA%20SES","https://www.c2cvariations.com.au/SA%20SES","GET","404","false",""
"https://www.ses.sa.gov.au/","https://www.ses.sa.gov.au/","HEAD","200","true",""
"https://www.bom.gov.au/sa/warnings/","https://www.bom.gov.au/sa/warnings/","HEAD","200","true",""
"https://www.c2cvariations.com.au/Traffic%20SA","https://www.c2cvariations.com.au/Traffic%20SA","GET","404","false",""
"https://www.qfes.qld.gov.au/prepare","https://www.fire.qld.gov.au/prepare","HEAD","200","true",""
"https://www.c2cvariations.com.au/Adelaide%20Metro%20Service%20Updates","https://www.c2cvariations.com.au/Adelaide%20Metro%20Service%20Updates","GET","404","false",""
"https://www.adelaidemetro.com.au/about-us/service-updates","https://www.adelaidemetro.com.au/about-us/service-updates","GET","403","false",""
"https://traffic.sa.gov.au/","https://traffic.sa.gov.au/","GET","403","false",""
"https://www.nsw.gov.au/nsw-government/councils","https://www.nsw.gov.au/nsw-government/councils","GET","404","false",""
"https://www.powerlink.com.au/network/data-and-reporting/outage-information","https://www.powerlink.com.au/network/data-and-reporting/outage-information","GET","404","false",""
"https://www.c2cvariations.com.au/Essential%20Water%20SA","https://www.c2cvariations.com.au/Essential%20Water%20SA","GET","404","false",""
"https://www.c2cvariations.com.au/SA%20Power%20Networks%20Outages","https://www.c2cvariations.com.au/SA%20Power%20Networks%20Outages","GET","404","false",""
"https://www.healthdirect.gov.au/australian-health-services/results/qld","https://www.healthdirect.gov.au/australian-health-services/results/qld","GET","500","false",""
"https://www.sahealth.sa.gov.au/wps/wcm/connect/Public+Content/SA+Health+Internet/","https://www.sahealth.sa.gov.au/wps/wcm/connect/Public+Content/SA+Health+Internet/","HEAD","200","true",""
"https://www.c2cvariations.com.au/SA%20Council%20Directory","https://www.c2cvariations.com.au/SA%20Council%20Directory","GET","404","false",""
"https://www.c2cvariations.com.au/Healthdirect%20SA%20Finder","https://www.c2cvariations.com.au/Healthdirect%20SA%20Finder","GET","404","false",""
"https://www.c2cvariations.com.au/PlanSA%20Portal","https://www.c2cvariations.com.au/PlanSA%20Portal","GET","404","false",""
"https://www.c2cvariations.com.au/SA%20Health%20Alerts","https://www.c2cvariations.com.au/SA%20Health%20Alerts","GET","404","false",""
"https://plan.sa.gov.au/","https://plan.sa.gov.au/","GET","403","false",""
"https://www.c2cvariations.com.au/BOM%20Western%20Australia%20Warnings","https://www.c2cvariations.com.au/BOM%20Western%20Australia%20Warnings","GET","404","false",""
"https://www.lga.sa.gov.au/sa-councils/councils-listing","https://www.lga.sa.gov.au/sa-councils/councils-listing","GET","403","false",""
"https://www.c2cvariations.com.au/DFES%20Alerts","https://www.c2cvariations.com.au/DFES%20Alerts","GET","404","false",""
"https://www.bom.gov.au/wa/warnings/","https://www.bom.gov.au/wa/warnings/","HEAD","200","true",""
"https://www.sapowernetworks.com.au/outages/","https://www.sapowernetworks.com.au/outages/","HEAD","200","true",""
"https://www.c2cvariations.com.au/Main%20Roads%20Travel%20Map","https://www.c2cvariations.com.au/Main%20Roads%20Travel%20Map","GET","404","false",""
"https://www.c2cvariations.com.au/Western%20Power%20Outages","https://www.c2cvariations.com.au/Western%20Power%20Outages","GET","404","false",""
"https://www.c2cvariations.com.au/Transperth%20Service%20Updates","https://www.c2cvariations.com.au/Transperth%20Service%20Updates","GET","404","false",""
"https://www.dlgrma.qld.gov.au/local-government-directory","https://www.localgovernment.qld.gov.au/for-the-community/local-government-directory","HEAD","200","true",""
"https://www.c2cvariations.com.au/Water%20Corporation%20Alerts","https://www.c2cvariations.com.au/Water%20Corporation%20Alerts","GET","404","false",""
"https://www.c2cvariations.com.au/Healthdirect%20WA%20Finder","https://www.c2cvariations.com.au/Healthdirect%20WA%20Finder","GET","404","false",""
"https://www.c2cvariations.com.au/HealthyWA%20Alerts","https://www.c2cvariations.com.au/HealthyWA%20Alerts","GET","404","false",""
"https://www.healthdirect.gov.au/australian-health-services/results/sa","https://www.healthdirect.gov.au/australian-health-services/results/sa","GET","500","false",""
"https://www.c2cvariations.com.au/WA%20Local%20Government%20Directory","https://www.c2cvariations.com.au/WA%20Local%20Government%20Directory","GET","404","false",""
"https://www.westernpower.com.au/power-outages/","https://www.westernpower.com.au/power-outages/","GET","404","false",""
"https://www.transperth.wa.gov.au/Service-Updates","https://www.transperth.wa.gov.au/Service-Updates","HEAD","200","true",""
"https://www.sawater.com.au/outages","https://www.sawater.com.au/outages","GET","404","false",""
"https://www.c2cvariations.com.au/WA%20Planning%20Hub","https://www.c2cvariations.com.au/WA%20Planning%20Hub","GET","404","false",""
"https://www.c2cvariations.com.au/BOM%20Tasmania%20Warnings","https://www.c2cvariations.com.au/BOM%20Tasmania%20Warnings","GET","404","false",""
"https://www.watercorporation.com.au/Outages","https://www.watercorporation.com.au/Outages-and-works?utm_campaign=vanity-bau&utm_medium=paid+offline&utm_source=offline&utm_source_platform=manual","HEAD","200","true",""
"https://www.c2cvariations.com.au/Tasmania%20SES","https://www.c2cvariations.com.au/Tasmania%20SES","GET","404","false",""
"https://www.bom.gov.au/tas/warnings/","https://www.bom.gov.au/tas/warnings/","HEAD","200","true",""
"https://www.dfes.wa.gov.au/alerts","https://www.dfes.wa.gov.au/alerts","GET","404","false",""
"https://www.c2cvariations.com.au/Tasmania%20Police%20Road%20Closures","https://www.c2cvariations.com.au/Tasmania%20Police%20Road%20Closures","GET","404","false",""
"https://www.healthdirect.gov.au/australian-health-services/results/wa","https://www.healthdirect.gov.au/australian-health-services/results/wa","GET","500","false",""
"https://www.c2cvariations.com.au/Metro%20Tasmania%20Updates","https://www.c2cvariations.com.au/Metro%20Tasmania%20Updates","GET","404","false",""
"https://www.c2cvariations.com.au/TasNetworks%20Outages","https://www.c2cvariations.com.au/TasNetworks%20Outages","GET","404","false",""
"https://www.c2cvariations.com.au/TasWater%20Alerts","https://www.c2cvariations.com.au/TasWater%20Alerts","GET","404","false",""
"https://travelmap.mainroads.wa.gov.au/","https://www.mainroads.wa.gov.au/travelmap/","HEAD","200","true",""
"https://www.police.tas.gov.au/community-alerts/","https://www.police.tas.gov.au/community-alerts/","HEAD","200","true",""
"https://www.c2cvariations.com.au/Healthdirect%20TAS%20Finder","https://www.c2cvariations.com.au/Healthdirect%20TAS%20Finder","GET","404","false",""
"https://www.healthywa.wa.gov.au/Articles/A_E/Alerts","https://www.healthywa.wa.gov.au/404?item=%2farticles%2fa_e%2falerts&user=extranet%5cAnonymous&site=healthywa","HEAD","200","true",""
"https://www.c2cvariations.com.au/Public%20Health%20Alerts%20Tasmania","https://www.c2cvariations.com.au/Public%20Health%20Alerts%20Tasmania","GET","404","false",""
"https://walga.asn.au/about-local-government/council-map","https://walga.asn.au/about-local-government/council-map","GET","404","false",""
"https://www.c2cvariations.com.au/Tasmania%20Councils","https://www.c2cvariations.com.au/Tasmania%20Councils","GET","404","false",""
"https://www.ses.tas.gov.au/","https://www.ses.tas.gov.au/","HEAD","200","true",""
"https://www.c2cvariations.com.au/Tasmanian%20Planning","https://www.c2cvariations.com.au/Tasmanian%20Planning","GET","404","false",""
"https://www.metrotas.com.au/category/service-updates/","https://www.metrotas.com.au/category/service-updates/","GET","404","false",""
"https://www.health.tas.gov.au/health-topics/public-health","https://www.health.tas.gov.au/health-topics/public-health","GET","403","false",""
"https://www.c2cvariations.com.au/SecureNT","https://www.c2cvariations.com.au/SecureNT","GET","404","false",""
"https://www.wa.gov.au/organisation/department-of-planning-lands-and-heritage","https://www.wa.gov.au/organisation/department-of-planning-lands-and-heritage","HEAD","200","true",""
"https://www.c2cvariations.com.au/BOM%20Northern%20Territory%20Warnings","https://www.c2cvariations.com.au/BOM%20Northern%20Territory%20Warnings","GET","404","false",""
"https://www.c2cvariations.com.au/NT%20Fire%20&%20Emergency","https://www.c2cvariations.com.au/NT%20Fire%20&%20Emergency","GET","404","false",""
"https://securent.nt.gov.au/","https://securent.nt.gov.au/","GET","403","false",""
"https://www.bom.gov.au/nt/warnings/","https://www.bom.gov.au/nt/warnings/","HEAD","200","true",""
"https://www.c2cvariations.com.au/NT%20Road%20Report","https://www.c2cvariations.com.au/NT%20Road%20Report","GET","404","false",""
"https://www.c2cvariations.com.au/Darwin%20Public%20Transport","https://www.c2cvariations.com.au/Darwin%20Public%20Transport","GET","404","false",""
"https://www.c2cvariations.com.au/Power%20and%20Water%20NT%20Outages","https://www.c2cvariations.com.au/Power%20and%20Water%20NT%20Outages","GET","404","false",""
"https://www.tasnetworks.com.au/outages","https://www.tasnetworks.com.au/outages","HEAD","200","true",""
"https://www.nt.gov.au/driving/public-transport-cycling/public-transport-in-the-nt","https://nt.gov.au/","GET","403","false",""
"https://www.c2cvariations.com.au/Jacana%20Energy%20Interruptions","https://www.c2cvariations.com.au/Jacana%20Energy%20Interruptions","GET","404","false",""
"https://www.healthdirect.gov.au/australian-health-services/results/tas","https://www.healthdirect.gov.au/australian-health-services/results/tas","GET","500","false",""
"https://www.c2cvariations.com.au/Healthdirect%20NT%20Finder","https://www.c2cvariations.com.au/Healthdirect%20NT%20Finder","GET","404","false",""
"https://www.taswater.com.au/outages","https://www.taswater.com.au/outages","GET","404","false",""
"https://roadreport.nt.gov.au/","https://roadreport.nt.gov.au/","HEAD","200","true",""
"https://pfes.nt.gov.au/emergency-service","https://pfes.nt.gov.au/emergency-service","HEAD","200","true",""
"https://www.dlghcd.nt.gov.au/local-government/directory","https://www.dlghcd.nt.gov.au/local-government/directory","GET","0","false","HEAD:fetch failed; GET:fetch failed"
"https://www.c2cvariations.com.au/NT%20Health%20Alerts","https://www.c2cvariations.com.au/NT%20Health%20Alerts","GET","404","false",""
"https://health.nt.gov.au/","https://health.nt.gov.au/","GET","403","false",""
"https://www.c2cvariations.com.au/NT%20Councils%20Directory","https://www.c2cvariations.com.au/NT%20Councils%20Directory","GET","404","false",""
"https://planningreform.tas.gov.au/","https://planningreform.tas.gov.au/","GET","404","false",""
"https://www.c2cvariations.com.au/BOM%20ACT%20Warnings","https://www.c2cvariations.com.au/BOM%20ACT%20Warnings","GET","404","false",""
"https://www.c2cvariations.com.au/NT%20Planning%20System","https://www.c2cvariations.com.au/NT%20Planning%20System","GET","404","false",""
"https://nt.gov.au/property/land-planning-and-development","https://nt.gov.au/property/land-planning-and-development","GET","403","false",""
"https://www.c2cvariations.com.au/ESA%20Incidents","https://www.c2cvariations.com.au/ESA%20Incidents","GET","404","false",""
"https://www.bom.gov.au/act/warnings/","https://www.bom.gov.au/act/warnings/","HEAD","200","true",""
"https://www.c2cvariations.com.au/ACT%20Health%20Emergencies","https://www.c2cvariations.com.au/ACT%20Health%20Emergencies","GET","404","false",""
"https://www.c2cvariations.com.au/ACT%20Road%20Closures","https://www.c2cvariations.com.au/ACT%20Road%20Closures","GET","404","false",""
"https://www.c2cvariations.com.au/Transport%20Canberra%20Alerts","https://www.c2cvariations.com.au/Transport%20Canberra%20Alerts","GET","404","false",""
"https://www.c2cvariations.com.au/Evoenergy%20Outages","https://www.c2cvariations.com.au/Evoenergy%20Outages","GET","404","false",""
"https://www.transport.act.gov.au/news","https://www.transport.act.gov.au/news","HEAD","200","true",""
"https://www.c2cvariations.com.au/Icon%20Water%20Outages","https://www.c2cvariations.com.au/Icon%20Water%20Outages","GET","404","false",""
"https://www.stategrowth.tas.gov.au/local-government/list_of_councils","https://www.stategrowth.tas.gov.au/local-government/list_of_councils","GET","404","false",""
"https://www.c2cvariations.com.au/Healthdirect%20ACT%20Finder","https://www.c2cvariations.com.au/Healthdirect%20ACT%20Finder","GET","404","false",""
"https://www.c2cvariations.com.au/Canberra%20Connect%20Services","https://www.c2cvariations.com.au/Canberra%20Connect%20Services","GET","404","false",""
"https://www.jacanaenergy.com.au/customer-service/power-outages","https://www.jacanaenergy.com.au/customer-service/power-outages","GET","404","false",""
"https://www.powerwater.com.au/customers/power-outages","https://www.powerwater.com.au/customers/power-outages","GET","404","false",""
"https://www.c2cvariations.com.au/City%20Services%20ACT","https://www.c2cvariations.com.au/City%20Services%20ACT","GET","404","false",""
"https://www.healthdirect.gov.au/australian-health-services/results/nt","https://www.healthdirect.gov.au/australian-health-services/results/nt","GET","500","false",""
"https://www.health.act.gov.au/public-health-alerts","https://www.health.act.gov.au/public-health-alerts","GET","404","false",""
"https://www.c2cvariations.com.au/ACT%20Planning%20System","https://www.c2cvariations.com.au/ACT%20Planning%20System","GET","404","false",""
"https://www.cityservices.act.gov.au/","https://www.cityservices.act.gov.au/","HEAD","200","true",""
"https://www.c2cvariations.com.au/NBN%20Network%20Status","https://www.c2cvariations.com.au/NBN%20Network%20Status","GET","404","false",""
"https://www.c2cvariations.com.au/Telstra%20Outages","https://www.c2cvariations.com.au/Telstra%20Outages","GET","404","false",""
"https://www.c2cvariations.com.au/Optus%20Network%20Status","https://www.c2cvariations.com.au/Optus%20Network%20Status","GET","404","false",""
"https://www.planning.act.gov.au/","https://www.planning.act.gov.au/","HEAD","200","true",""
"https://www.evoenergy.com.au/outages","https://www.evoenergy.com.au/outages","GET","200","true",""
"https://www.c2cvariations.com.au/Safe%20Work%20Australia%20Model%20Codes","https://www.c2cvariations.com.au/Safe%20Work%20Australia%20Model%20Codes","GET","404","false",""
"https://www.healthdirect.gov.au/australian-health-services/results/act","https://www.healthdirect.gov.au/australian-health-services/results/act","GET","500","false",""
"https://www.c2cvariations.com.au/ABCB%20National%20Construction%20Code","https://www.c2cvariations.com.au/ABCB%20National%20Construction%20Code","GET","404","false",""
"https://outages.telstra.com/","https://www.telstra.com.au/outages","HEAD","200","true",""
"https://www.c2cvariations.com.au/ABCB%20WaterMark","https://www.c2cvariations.com.au/ABCB%20WaterMark","GET","404","false",""
"https://www.c2cvariations.com.au/Product%20Safety%20Australia%20Recalls","https://www.c2cvariations.com.au/Product%20Safety%20Australia%20Recalls","GET","404","false",""
"https://www.optus.com.au/about/network/service-status","https://www.optus.com.au/living-network/service-status","GET","200","true",""
"https://www.cityservices.act.gov.au/roads-and-paths/road-closures","https://www.cityservices.act.gov.au/roads-and-paths/road-closures","GET","404","false",""
"https://www.c2cvariations.com.au/Geoscience%20Australia%20Earthquakes","https://www.c2cvariations.com.au/Geoscience%20Australia%20Earthquakes","GET","404","false",""
"https://www.c2cvariations.com.au/JATWC%20Tsunami%20Warnings","https://www.c2cvariations.com.au/JATWC%20Tsunami%20Warnings","GET","404","false",""
"https://www.c2cvariations.com.au/ARPANSA%20UV%20Radiation","https://www.c2cvariations.com.au/ARPANSA%20UV%20Radiation","GET","404","false",""
"https://www.bom.gov.au/tsunami/","https://www.bom.gov.au/tsunami/","HEAD","200","true",""
"https://www.c2cvariations.com.au/Find%20My%20Council%20(National)","https://www.c2cvariations.com.au/Find%20My%20Council%20(National)","GET","404","false",""
"https://www.australia.gov.au/information-and-services/government-and-parliament/local-government","https://my.gov.au/en/services?redirectFrom=australia.gov.au","HEAD","200","true",""
"https://www.c2cvariations.com.au/VIC%20Planning","https://www.c2cvariations.com.au/VIC%20Planning","GET","404","false",""
"https://www.c2cvariations.com.au/QLD%20Development.i","https://www.c2cvariations.com.au/QLD%20Development.i","GET","404","false",""
"https://www.abcb.gov.au/resources/watermark-certification-scheme","https://www.abcb.gov.au/404-page-not-found","HEAD","200","true",""
"https://www.abcb.gov.au/ncc","https://www.abcb.gov.au/404-page-not-found","HEAD","200","true",""
"https://www.planning.vic.gov.au/","https://www.planning.vic.gov.au/","HEAD","200","true",""
"https://www.c2cvariations.com.au/SA%20PlanSA","https://www.c2cvariations.com.au/SA%20PlanSA","GET","404","false",""
"https://www.c2cvariations.com.au/ACT%20Planning","https://www.c2cvariations.com.au/ACT%20Planning","GET","404","false",""
"https://www.c2cvariations.com.au/favicon.ico","https://www.c2cvariations.com.au/favicon.ico","HEAD","200","true",""
"https://www.arpansa.gov.au/our-services/monitoring/ultraviolet-radiation","https://www.arpansa.gov.au/our-services/monitoring/ultraviolet-radiation","GET","404","false",""
"https://www.productsafety.gov.au/recalls","https://www.productsafety.gov.au/recalls","HEAD","200","true",""
"https://www.c2cvariations.com.au/apple-touch-icon.png","https://www.c2cvariations.com.au/apple-touch-icon.png","HEAD","200","true",""
"https://www.c2cvariations.com.au/site-mobile.css?v=8","https://www.c2cvariations.com.au/site-mobile.css?v=8","HEAD","200","true",""
"https://www.c2cvariations.com.au/assets/nav-cta.hotfix.css?v=9","https://www.c2cvariations.com.au/assets/nav-cta.hotfix.css?v=9","HEAD","200","true",""
"https://www.c2cvariations.com.au/assets/site-nav.css?v=1","https://www.c2cvariations.com.au/assets/site-nav.css?v=1","HEAD","200","true",""
"https://www.c2cvariations.com.au/assets/chatbot.v6.css?v=1","https://www.c2cvariations.com.au/assets/chatbot.v6.css?v=1","HEAD","200","true",""
"https://www.c2cvariations.com.au/pricing.html","https://www.c2cvariations.com.au/pricing","HEAD","200","true",""
"https://www.c2cvariations.com.au/about.html","https://www.c2cvariations.com.au/about","HEAD","200","true",""
"https://www.c2cvariations.com.au/docs.html","https://www.c2cvariations.com.au/docs","HEAD","200","true",""
"https://www.c2cvariations.com.au/index.html","https://www.c2cvariations.com.au/","HEAD","200","true",""
"https://www.c2cvariations.com.au/resources.html","https://www.c2cvariations.com.au/resources","HEAD","200","true",""
"https://wa.me/61466873332?text=Hi%20C2C%2C%20keen%20to%20get%20set%20up.&utm_source=site&utm_medium=button&utm_campaign=whatsapp","https://api.whatsapp.com/send/?phone=61466873332&text=Hi+C2C%2C+keen+to+get+set+up.&type=phone_number&app_absent=0&utm_campaign=whatsapp&utm_source=site","HEAD","200","true",""
"https://www.act.gov.au/access-cbr","https://www.act.gov.au/access-cbr","GET","404","false",""
"https://www.nbnco.com.au/support/network-status","https://www.nbnco.com.au/support/network-status","GET","200","true",""
"https://www.safeworkaustralia.gov.au/resources-publications/model-codes-practice","https://www.safeworkaustralia.gov.au/resources-publications/model-codes-practice","GET","404","false",""
"https://www.iconwater.com.au/monitor-and-report/outages.aspx","https://www.iconwater.com.au/monitor-and-report/outages.aspx","GET","0","false","HEAD:This operation was aborted; GET:This operation was aborted"